date,encounters,year,month,week,day,encounters_10k
2022-01-01,2220767,2022,1,1,1,222.08
2022-01-02,2109110,2022,1,1,2,210.91
2022-01-03,1896653,2022,1,1,3,189.67
2022-01-04,2113937,2022,1,1,4,211.39
2022-01-05,2111099,2022,1,1,5,211.11
2022-01-06,1918900,2022,1,1,6,191.89
2022-01-07,2214471,2022,1,1,7,221.45
2022-01-08,2287346,2022,1,2,8,228.73
2022-01-09,2292505,2022,1,2,9,229.25
2022-01-10,2086447,2022,1,2,10,208.64
2022-01-11,2035143,2022,1,2,11,203.51
2022-01-12,1883840,2022,1,2,12,188.38
2022-01-13,2002859,2022,1,2,13,200.29
2022-01-14,2221685,2022,1,2,14,222.17
2022-01-15,2066718,2022,1,3,15,206.67
2022-01-16,2198994,2022,1,3,16,219.9
2022-01-17,2126532,2022,1,3,17,212.65
2022-01-18,2166055,2022,1,3,18,216.61
2022-01-19,2057347,2022,1,3,19,205.73
2022-01-20,2285921,2022,1,3,20,228.59
2022-01-21,2193817,2022,1,3,21,219.38
2022-01-22,2307297,2022,1,4,22,230.73
2022-01-23,2326469,2022,1,4,23,232.65
2022-01-24,2031247,2022,1,4,24,203.12
2022-01-25,2032268,2022,1,4,25,203.23
2022-01-26,1982538,2022,1,4,26,198.25
2022-01-27,2073755,2022,1,4,27,207.38
2022-01-28,2089870,2022,1,4,28,208.99
2022-01-29,2215343,2022,1,5,29,221.53
2022-01-30,2319906,2022,1,5,30,231.99
2022-01-31,2141538,2022,1,5,31,214.15
2022-02-01,2078875,2022,2,5,1,207.89
2022-02-02,2159197,2022,2,5,2,215.92
2022-02-03,2080115,2022,2,5,3,208.01
2022-02-04,2292108,2022,2,5,4,229.21
2022-02-05,2384294,2022,2,6,5,238.43
2022-02-06,2340685,2022,2,6,6,234.07
2022-02-07,2045600,2022,2,6,7,204.56
2022-02-08,2191179,2022,2,6,8,219.12
2022-02-09,2093762,2022,2,6,9,209.38
2022-02-10,2191607,2022,2,6,10,219.16
2022-02-11,2396624,2022,2,6,11,239.66
2022-02-12,2362425,2022,2,7,12,236.24
2022-02-13,2308187,2022,2,7,13,230.82
2022-02-14,2283123,2022,2,7,14,228.31
2022-02-15,2262935,2022,2,7,15,226.29
2022-02-16,2242105,2022,2,7,16,224.21
2022-02-17,2194130,2022,2,7,17,219.41
2022-02-18,2437223,2022,2,7,18,243.72
2022-02-19,2427239,2022,2,8,19,242.72
2022-02-20,2551031,2022,2,8,20,255.1
2022-02-21,2222378,2022,2,8,21,222.24
2022-02-22,2287157,2022,2,8,22,228.72
2022-02-23,2342261,2022,2,8,23,234.23
2022-02-24,2249892,2022,2,8,24,224.99
2022-02-25,2436454,2022,2,8,25,243.65
2022-02-26,2462077,2022,2,9,26,246.21
2022-02-27,2519668,2022,2,9,27,251.97
2022-02-28,2350937,2022,2,9,28,235.09
2022-03-01,2349805,2022,3,9,1,234.98
2022-03-02,2310887,2022,3,9,2,231.09
2022-03-03,2337088,2022,3,9,3,233.71
2022-03-04,2518369,2022,3,9,4,251.84
2022-03-05,2340497,2022,3,10,5,234.05
2022-03-06,2389593,2022,3,10,6,238.96
2022-03-07,2346885,2022,3,10,7,234.69
2022-03-08,2526487,2022,3,10,8,252.65
2022-03-09,2222146,2022,3,10,9,222.21
2022-03-10,2393455,2022,3,10,10,239.35
2022-03-11,2668448,2022,3,10,11,266.84
2022-03-12,2494126,2022,3,11,12,249.41
2022-03-13,2525358,2022,3,11,13,252.54
2022-03-14,2622943,2022,3,11,14,262.29
2022-03-15,2500007,2022,3,11,15,250
2022-03-16,2340814,2022,3,11,16,234.08
2022-03-17,2531527,2022,3,11,17,253.15
2022-03-18,2614704,2022,3,11,18,261.47
2022-03-19,2625838,2022,3,12,19,262.58
2022-03-20,2598152,2022,3,12,20,259.82
2022-03-21,2420076,2022,3,12,21,242.01
2022-03-22,2379144,2022,3,12,22,237.91
2022-03-23,2240650,2022,3,12,23,224.06
2022-03-24,2244166,2022,3,12,24,224.42
2022-03-25,2689724,2022,3,12,25,268.97
2022-03-26,2529138,2022,3,13,26,252.91
2022-03-27,2752829,2022,3,13,27,275.28
2022-03-28,2540005,2022,3,13,28,254
2022-03-29,2342482,2022,3,13,29,234.25
2022-03-30,2456223,2022,3,13,30,245.62
2022-03-31,2323789,2022,3,13,31,232.38
2022-04-01,2727712,2022,4,13,1,272.77
2022-04-02,2552924,2022,4,14,2,255.29
2022-04-03,2687135,2022,4,14,3,268.71
2022-04-04,2533034,2022,4,14,4,253.3
2022-04-05,2385305,2022,4,14,5,238.53
2022-04-06,2498988,2022,4,14,6,249.9
2022-04-07,2647529,2022,4,14,7,264.75
2022-04-08,2730638,2022,4,14,8,273.06
2022-04-09,2611759,2022,4,15,9,261.18
2022-04-10,2697257,2022,4,15,10,269.73
2022-04-11,2501679,2022,4,15,11,250.17
2022-04-12,2583452,2022,4,15,12,258.35
2022-04-13,2654607,2022,4,15,13,265.46
2022-04-14,2561648,2022,4,15,14,256.16
2022-04-15,2700430,2022,4,15,15,270.04
2022-04-16,2759356,2022,4,16,16,275.94
2022-04-17,2823287,2022,4,16,17,282.33
2022-04-18,2805196,2022,4,16,18,280.52
2022-04-19,2633630,2022,4,16,19,263.36
2022-04-20,2623003,2022,4,16,20,262.3
2022-04-21,2608074,2022,4,16,21,260.81
2022-04-22,2891259,2022,4,16,22,289.13
2022-04-23,2813052,2022,4,17,23,281.31
2022-04-24,2672602,2022,4,17,24,267.26
2022-04-25,2579592,2022,4,17,25,257.96
2022-04-26,2544756,2022,4,17,26,254.48
2022-04-27,2561234,2022,4,17,27,256.12
2022-04-28,2501414,2022,4,17,28,250.14
2022-04-29,2700630,2022,4,17,29,270.06
2022-04-30,2825016,2022,4,18,30,282.5
2022-05-01,2630124,2022,5,18,1,263.01
2022-05-02,2675633,2022,5,18,2,267.56
2022-05-03,2673953,2022,5,18,3,267.4
2022-05-04,2587140,2022,5,18,4,258.71
2022-05-05,2566729,2022,5,18,5,256.67
2022-05-06,2804200,2022,5,18,6,280.42
2022-05-07,2792753,2022,5,19,7,279.28
2022-05-08,2726371,2022,5,19,8,272.64
2022-05-09,2480202,2022,5,19,9,248.02
2022-05-10,2605197,2022,5,19,10,260.52
2022-05-11,2521992,2022,5,19,11,252.2
2022-05-12,2842777,2022,5,19,12,284.28
2022-05-13,2797621,2022,5,19,13,279.76
2022-05-14,2707987,2022,5,20,14,270.8
2022-05-15,2798631,2022,5,20,15,279.86
2022-05-16,2668480,2022,5,20,16,266.85
2022-05-17,2601673,2022,5,20,17,260.17
2022-05-18,2615628,2022,5,20,18,261.56
2022-05-19,2541776,2022,5,20,19,254.18
2022-05-20,2818111,2022,5,20,20,281.81
2022-05-21,2887169,2022,5,21,21,288.72
2022-05-22,2921056,2022,5,21,22,292.11
2022-05-23,2614504,2022,5,21,23,261.45
2022-05-24,2626542,2022,5,21,24,262.65
2022-05-25,2682367,2022,5,21,25,268.24
2022-05-26,2545681,2022,5,21,26,254.57
2022-05-27,2977641,2022,5,21,27,297.76
2022-05-28,2749190,2022,5,22,28,274.92
2022-05-29,2833175,2022,5,22,29,283.32
2022-05-30,2777088,2022,5,22,30,277.71
2022-05-31,2603220,2022,5,22,31,260.32
2022-06-01,2478145,2022,6,22,1,247.81
2022-06-02,2589286,2022,6,22,2,258.93
2022-06-03,2908080,2022,6,22,3,290.81
2022-06-04,2809428,2022,6,23,4,280.94
2022-06-05,2901543,2022,6,23,5,290.15
2022-06-06,2646721,2022,6,23,6,264.67
2022-06-07,2763975,2022,6,23,7,276.4
2022-06-08,2666579,2022,6,23,8,266.66
2022-06-09,2667682,2022,6,23,9,266.77
2022-06-10,2681526,2022,6,23,10,268.15
2022-06-11,2823662,2022,6,24,11,282.37
2022-06-12,2835325,2022,6,24,12,283.53
2022-06-13,2638524,2022,6,24,13,263.85
2022-06-14,2541535,2022,6,24,14,254.15
2022-06-15,2729013,2022,6,24,15,272.9
2022-06-16,2685697,2022,6,24,16,268.57
2022-06-17,2799481,2022,6,24,17,279.95
2022-06-18,2917812,2022,6,25,18,291.78
2022-06-19,2950863,2022,6,25,19,295.09
2022-06-20,2677236,2022,6,25,20,267.72
2022-06-21,2594724,2022,6,25,21,259.47
2022-06-22,2670996,2022,6,25,22,267.1
2022-06-23,2605105,2022,6,25,23,260.51
2022-06-24,2682575,2022,6,25,24,268.26
2022-06-25,2742235,2022,6,26,25,274.22
2022-06-26,2787097,2022,6,26,26,278.71
2022-06-27,2636923,2022,6,26,27,263.69
2022-06-28,2690575,2022,6,26,28,269.06
2022-06-29,2587447,2022,6,26,29,258.74
2022-06-30,2586885,2022,6,26,30,258.69
2022-07-01,2804420,2022,7,26,1,280.44
2022-07-02,2695863,2022,7,27,2,269.59
2022-07-03,2844793,2022,7,27,3,284.48
2022-07-04,2630441,2022,7,27,4,263.04
2022-07-05,2576114,2022,7,27,5,257.61
2022-07-06,2538117,2022,7,27,6,253.81
2022-07-07,2654212,2022,7,27,7,265.42
2022-07-08,2784657,2022,7,27,8,278.47
2022-07-09,2873262,2022,7,28,9,287.33
2022-07-10,2671286,2022,7,28,10,267.13
2022-07-11,2443744,2022,7,28,11,244.37
2022-07-12,2617971,2022,7,28,12,261.8
2022-07-13,2523572,2022,7,28,13,252.36
2022-07-14,2682032,2022,7,28,14,268.2
2022-07-15,2748638,2022,7,28,15,274.86
2022-07-16,2647697,2022,7,29,16,264.77
2022-07-17,2642331,2022,7,29,17,264.23
2022-07-18,2601010,2022,7,29,18,260.1
2022-07-19,2475806,2022,7,29,19,247.58
2022-07-20,2522357,2022,7,29,20,252.24
2022-07-21,2393342,2022,7,29,21,239.33
2022-07-22,2572835,2022,7,29,22,257.28
2022-07-23,2786258,2022,7,30,23,278.63
2022-07-24,2620583,2022,7,30,24,262.06
2022-07-25,2573164,2022,7,30,25,257.32
2022-07-26,2268735,2022,7,30,26,226.87
2022-07-27,2638806,2022,7,30,27,263.88
2022-07-28,2463195,2022,7,30,28,246.32
2022-07-29,2695605,2022,7,30,29,269.56
2022-07-30,2654050,2022,7,31,30,265.4
2022-07-31,2851213,2022,7,31,31,285.12
2022-08-01,2356071,2022,8,31,1,235.61
2022-08-02,2380321,2022,8,31,2,238.03
2022-08-03,2411270,2022,8,31,3,241.13
2022-08-04,2382175,2022,8,31,4,238.22
2022-08-05,2594790,2022,8,31,5,259.48
2022-08-06,2625058,2022,8,32,6,262.51
2022-08-07,2606658,2022,8,32,7,260.67
2022-08-08,2421959,2022,8,32,8,242.2
2022-08-09,2425857,2022,8,32,9,242.59
2022-08-10,2330790,2022,8,32,10,233.08
2022-08-11,2512659,2022,8,32,11,251.27
2022-08-12,2707923,2022,8,32,12,270.79
2022-08-13,2431219,2022,8,33,13,243.12
2022-08-14,2630603,2022,8,33,14,263.06
2022-08-15,2582447,2022,8,33,15,258.24
2022-08-16,2374924,2022,8,33,16,237.49
2022-08-17,2521574,2022,8,33,17,252.16
2022-08-18,2360751,2022,8,33,18,236.08
2022-08-19,2472214,2022,8,33,19,247.22
2022-08-20,2536204,2022,8,34,20,253.62
2022-08-21,2604438,2022,8,34,21,260.44
2022-08-22,2414765,2022,8,34,22,241.48
2022-08-23,2486331,2022,8,34,23,248.63
2022-08-24,2410957,2022,8,34,24,241.1
2022-08-25,2276596,2022,8,34,25,227.66
2022-08-26,2526961,2022,8,34,26,252.7
2022-08-27,2542458,2022,8,35,27,254.25
2022-08-28,2538621,2022,8,35,28,253.86
2022-08-29,2483480,2022,8,35,29,248.35
2022-08-30,2291460,2022,8,35,30,229.15
2022-08-31,2317142,2022,8,35,31,231.71
2022-09-01,2436100,2022,9,35,1,243.61
2022-09-02,2375939,2022,9,35,2,237.59
2022-09-03,2389120,2022,9,36,3,238.91
2022-09-04,2537441,2022,9,36,4,253.74
2022-09-05,2199533,2022,9,36,5,219.95
2022-09-06,2350388,2022,9,36,6,235.04
2022-09-07,2136459,2022,9,36,7,213.65
2022-09-08,2170827,2022,9,36,8,217.08
2022-09-09,2531918,2022,9,36,9,253.19
2022-09-10,2393611,2022,9,37,10,239.36
2022-09-11,2365084,2022,9,37,11,236.51
2022-09-12,2101500,2022,9,37,12,210.15
2022-09-13,2133193,2022,9,37,13,213.32
2022-09-14,2229200,2022,9,37,14,222.92
2022-09-15,2124954,2022,9,37,15,212.5
2022-09-16,2407668,2022,9,37,16,240.77
2022-09-17,2321930,2022,9,38,17,232.19
2022-09-18,2353752,2022,9,38,18,235.38
2022-09-19,2386473,2022,9,38,19,238.65
2022-09-20,2053703,2022,9,38,20,205.37
2022-09-21,2220271,2022,9,38,21,222.03
2022-09-22,2082903,2022,9,38,22,208.29
2022-09-23,2273060,2022,9,38,23,227.31
2022-09-24,2379392,2022,9,39,24,237.94
2022-09-25,2505903,2022,9,39,25,250.59
2022-09-26,2220767,2022,9,39,26,222.08
2022-09-27,2237141,2022,9,39,27,223.71
2022-09-28,2209646,2022,9,39,28,220.96
2022-09-29,2108330,2022,9,39,29,210.83
2022-09-30,2373588,2022,9,39,30,237.36
2022-10-01,2346381,2022,10,40,1,234.64
2022-10-02,2313565,2022,10,40,2,231.36
2022-10-03,1948450,2022,10,40,3,194.84
2022-10-04,2215398,2022,10,40,4,221.54
2022-10-05,2152386,2022,10,40,5,215.24
2022-10-06,2064747,2022,10,40,6,206.47
2022-10-07,2323756,2022,10,40,7,232.38
2022-10-08,2174605,2022,10,41,8,217.46
2022-10-09,2216648,2022,10,41,9,221.66
2022-10-10,1778139,2022,10,41,10,177.81
2022-10-11,2176479,2022,10,41,11,217.65
2022-10-12,2098936,2022,10,41,12,209.89
2022-10-13,2085054,2022,10,41,13,208.51
2022-10-14,2173129,2022,10,41,14,217.31
2022-10-15,2083827,2022,10,42,15,208.38
2022-10-16,2354417,2022,10,42,16,235.44
2022-10-17,1958381,2022,10,42,17,195.84
2022-10-18,2044471,2022,10,42,18,204.45
2022-10-19,1965382,2022,10,42,19,196.54
2022-10-20,2001492,2022,10,42,20,200.15
2022-10-21,2243309,2022,10,42,21,224.33
2022-10-22,2248186,2022,10,43,22,224.82
2022-10-23,2164400,2022,10,43,23,216.44
2022-10-24,1870902,2022,10,43,24,187.09
2022-10-25,1870760,2022,10,43,25,187.08
2022-10-26,2030627,2022,10,43,26,203.06
2022-10-27,2037231,2022,10,43,27,203.72
2022-10-28,2163076,2022,10,43,28,216.31
2022-10-29,2187144,2022,10,44,29,218.71
2022-10-30,2273135,2022,10,44,30,227.31
2022-10-31,1989519,2022,10,44,31,198.95
2022-11-01,2128530,2022,11,44,1,212.85
2022-11-02,2071414,2022,11,44,2,207.14
2022-11-03,1967504,2022,11,44,3,196.75
2022-11-04,2148708,2022,11,44,4,214.87
2022-11-05,2194915,2022,11,45,5,219.49
2022-11-06,2099609,2022,11,45,6,209.96
2022-11-07,2024932,2022,11,45,7,202.49
2022-11-08,2120063,2022,11,45,8,212.01
2022-11-09,1991251,2022,11,45,9,199.13
2022-11-10,2014923,2022,11,45,10,201.49
2022-11-11,2206584,2022,11,45,11,220.66
2022-11-12,2145214,2022,11,46,12,214.52
2022-11-13,2042920,2022,11,46,13,204.29
2022-11-14,1832122,2022,11,46,14,183.21
2022-11-15,1958154,2022,11,46,15,195.82
2022-11-16,1970759,2022,11,46,16,197.08
2022-11-17,1932494,2022,11,46,17,193.25
2022-11-18,2179187,2022,11,46,18,217.92
2022-11-19,2118502,2022,11,47,19,211.85
2022-11-20,2157415,2022,11,47,20,215.74
2022-11-21,1901957,2022,11,47,21,190.2
2022-11-22,1928925,2022,11,47,22,192.89
2022-11-23,2060778,2022,11,47,23,206.08
2022-11-24,2011057,2022,11,47,24,201.11
2022-11-25,1987473,2022,11,47,25,198.75
2022-11-26,2067290,2022,11,48,26,206.73
2022-11-27,2178323,2022,11,48,27,217.83
2022-11-28,2018397,2022,11,48,28,201.84
2022-11-29,1856875,2022,11,48,29,185.69
2022-11-30,2113991,2022,11,48,30,211.4
2022-12-01,1819789,2022,12,48,1,181.98
2022-12-02,2030907,2022,12,48,2,203.09
2022-12-03,1930657,2022,12,49,3,193.07
2022-12-04,2119818,2022,12,49,4,211.98
2022-12-05,1883024,2022,12,49,5,188.3
2022-12-06,1940365,2022,12,49,6,194.04
2022-12-07,2018922,2022,12,49,7,201.89
2022-12-08,2014064,2022,12,49,8,201.41
2022-12-09,2226679,2022,12,49,9,222.67
2022-12-10,2055034,2022,12,50,10,205.5
2022-12-11,2038065,2022,12,50,11,203.81
2022-12-12,1743600,2022,12,50,12,174.36
2022-12-13,1855849,2022,12,50,13,185.58
2022-12-14,2236739,2022,12,50,14,223.67
2022-12-15,2147796,2022,12,50,15,214.78
2022-12-16,2053933,2022,12,50,16,205.39
2022-12-17,2299451,2022,12,51,17,229.95
2022-12-18,2022305,2022,12,51,18,202.23
2022-12-19,1987333,2022,12,51,19,198.73
2022-12-20,2017164,2022,12,51,20,201.72
2022-12-21,2166374,2022,12,51,21,216.64
2022-12-22,2000637,2022,12,51,22,200.06
2022-12-23,2172521,2022,12,51,23,217.25
2022-12-24,2043938,2022,12,52,24,204.39
2022-12-25,2249449,2022,12,52,25,224.94
2022-12-26,2095744,2022,12,52,26,209.57
2022-12-27,1902000,2022,12,52,27,190.2
2022-12-28,1975316,2022,12,52,28,197.53
2022-12-29,1874329,2022,12,52,29,187.43
2022-12-30,2191763,2022,12,52,30,219.18
2022-12-31,2222164,2022,12,53,31,222.22
2023-01-01,2169255,2023,1,1,1,216.93
2023-01-02,1907200,2023,1,1,2,190.72
2023-01-03,2053696,2023,1,1,3,205.37
2023-01-04,1958478,2023,1,1,4,195.85
2023-01-05,2068127,2023,1,1,5,206.81
2023-01-06,2324773,2023,1,1,6,232.48
2023-01-07,2190995,2023,1,1,7,219.1
2023-01-08,2366560,2023,1,2,8,236.66
2023-01-09,1956994,2023,1,2,9,195.7
2023-01-10,2061625,2023,1,2,10,206.16
2023-01-11,1966257,2023,1,2,11,196.63
2023-01-12,2170031,2023,1,2,12,217
2023-01-13,2138597,2023,1,2,13,213.86
2023-01-14,2127038,2023,1,2,14,212.7
2023-01-15,2173935,2023,1,3,15,217.39
2023-01-16,2053191,2023,1,3,16,205.32
2023-01-17,2106763,2023,1,3,17,210.68
2023-01-18,2160823,2023,1,3,18,216.08
2023-01-19,1853893,2023,1,3,19,185.39
2023-01-20,2185872,2023,1,3,20,218.59
2023-01-21,2312662,2023,1,3,21,231.27
2023-01-22,2134327,2023,1,4,22,213.43
2023-01-23,2091076,2023,1,4,23,209.11
2023-01-24,2247319,2023,1,4,24,224.73
2023-01-25,2212835,2023,1,4,25,221.28
2023-01-26,2223488,2023,1,4,26,222.35
2023-01-27,2439627,2023,1,4,27,243.96
2023-01-28,2481559,2023,1,4,28,248.16
2023-01-29,2075802,2023,1,5,29,207.58
2023-01-30,2194922,2023,1,5,30,219.49
2023-01-31,2027912,2023,1,5,31,202.79
2023-02-01,2134487,2023,2,5,1,213.45
2023-02-02,2300909,2023,2,5,2,230.09
2023-02-03,2288436,2023,2,5,3,228.84
2023-02-04,2340267,2023,2,5,4,234.03
2023-02-05,2275751,2023,2,6,5,227.58
2023-02-06,2205050,2023,2,6,6,220.5
2023-02-07,2182854,2023,2,6,7,218.29
2023-02-08,2234741,2023,2,6,8,223.47
2023-02-09,2134270,2023,2,6,9,213.43
2023-02-10,2399731,2023,2,6,10,239.97
2023-02-11,2393911,2023,2,6,11,239.39
2023-02-12,2259785,2023,2,7,12,225.98
2023-02-13,2142740,2023,2,7,13,214.27
2023-02-14,2187959,2023,2,7,14,218.8
2023-02-15,2375466,2023,2,7,15,237.55
2023-02-16,2335157,2023,2,7,16,233.52
2023-02-17,2397515,2023,2,7,17,239.75
2023-02-18,2423620,2023,2,7,18,242.36
2023-02-19,2408080,2023,2,8,19,240.81
2023-02-20,2245894,2023,2,8,20,224.59
2023-02-21,2225389,2023,2,8,21,222.54
2023-02-22,2239943,2023,2,8,22,223.99
2023-02-23,2104050,2023,2,8,23,210.4
2023-02-24,2343344,2023,2,8,24,234.33
2023-02-25,2471437,2023,2,8,25,247.14
2023-02-26,2493432,2023,2,9,26,249.34
2023-02-27,2297733,2023,2,9,27,229.77
2023-02-28,2433249,2023,2,9,28,243.32
2023-03-01,2188866,2023,3,9,1,218.89
2023-03-02,2323833,2023,3,9,2,232.38
2023-03-03,2436811,2023,3,9,3,243.68
2023-03-04,2535900,2023,3,9,4,253.59
2023-03-05,2550365,2023,3,10,5,255.04
2023-03-06,2326644,2023,3,10,6,232.66
2023-03-07,2294425,2023,3,10,7,229.44
2023-03-08,2207545,2023,3,10,8,220.75
2023-03-09,2372745,2023,3,10,9,237.27
2023-03-10,2696020,2023,3,10,10,269.6
2023-03-11,2518617,2023,3,10,11,251.86
2023-03-12,2554231,2023,3,11,12,255.42
2023-03-13,2557672,2023,3,11,13,255.77
2023-03-14,2269143,2023,3,11,14,226.91
2023-03-15,2411759,2023,3,11,15,241.18
2023-03-16,2400401,2023,3,11,16,240.04
2023-03-17,2583893,2023,3,11,17,258.39
2023-03-18,2701742,2023,3,11,18,270.17
2023-03-19,2583841,2023,3,12,19,258.38
2023-03-20,2410903,2023,3,12,20,241.09
2023-03-21,2420300,2023,3,12,21,242.03
2023-03-22,2474732,2023,3,12,22,247.47
2023-03-23,2507288,2023,3,12,23,250.73
2023-03-24,2871037,2023,3,12,24,287.1
2023-03-25,2471630,2023,3,12,25,247.16
2023-03-26,2697612,2023,3,13,26,269.76
2023-03-27,2611900,2023,3,13,27,261.19
2023-03-28,2392985,2023,3,13,28,239.3
2023-03-29,2386411,2023,3,13,29,238.64
2023-03-30,2406571,2023,3,13,30,240.66
2023-03-31,2469351,2023,3,13,31,246.94
2023-04-01,2730788,2023,4,13,1,273.08
2023-04-02,2722627,2023,4,14,2,272.26
2023-04-03,2518004,2023,4,14,3,251.8
2023-04-04,2416233,2023,4,14,4,241.62
2023-04-05,2667531,2023,4,14,5,266.75
2023-04-06,2620563,2023,4,14,6,262.06
2023-04-07,2764201,2023,4,14,7,276.42
2023-04-08,2787302,2023,4,14,8,278.73
2023-04-09,2590362,2023,4,15,9,259.04
2023-04-10,2523181,2023,4,15,10,252.32
2023-04-11,2536976,2023,4,15,11,253.7
2023-04-12,2462327,2023,4,15,12,246.23
2023-04-13,2370794,2023,4,15,13,237.08
2023-04-14,2625231,2023,4,15,14,262.52
2023-04-15,2777010,2023,4,15,15,277.7
2023-04-16,2705083,2023,4,16,16,270.51
2023-04-17,2761485,2023,4,16,17,276.15
2023-04-18,2510024,2023,4,16,18,251
2023-04-19,2593973,2023,4,16,19,259.4
2023-04-20,2504819,2023,4,16,20,250.48
2023-04-21,2667017,2023,4,16,21,266.7
2023-04-22,2658038,2023,4,16,22,265.8
2023-04-23,2928759,2023,4,17,23,292.88
2023-04-24,2464168,2023,4,17,24,246.42
2023-04-25,2468702,2023,4,17,25,246.87
2023-04-26,2580712,2023,4,17,26,258.07
2023-04-27,2640950,2023,4,17,27,264.1
2023-04-28,2777318,2023,4,17,28,277.73
2023-04-29,2647751,2023,4,17,29,264.78
2023-04-30,2687273,2023,4,18,30,268.73
2023-05-01,2472587,2023,5,18,1,247.26
2023-05-02,2525281,2023,5,18,2,252.53
2023-05-03,2594160,2023,5,18,3,259.42
2023-05-04,2684939,2023,5,18,4,268.49
2023-05-05,2712586,2023,5,18,5,271.26
2023-05-06,2625828,2023,5,18,6,262.58
2023-05-07,2722505,2023,5,19,7,272.25
2023-05-08,2503571,2023,5,19,8,250.36
2023-05-09,2661313,2023,5,19,9,266.13
2023-05-10,2666552,2023,5,19,10,266.66
2023-05-11,2741144,2023,5,19,11,274.11
2023-05-12,2912374,2023,5,19,12,291.24
2023-05-13,2807910,2023,5,19,13,280.79
2023-05-14,2841855,2023,5,20,14,284.19
2023-05-15,2631412,2023,5,20,15,263.14
2023-05-16,2613078,2023,5,20,16,261.31
2023-05-17,2850138,2023,5,20,17,285.01
2023-05-18,2693017,2023,5,20,18,269.3
2023-05-19,2757895,2023,5,20,19,275.79
2023-05-20,2924866,2023,5,20,20,292.49
2023-05-21,2706583,2023,5,21,21,270.66
2023-05-22,2681194,2023,5,21,22,268.12
2023-05-23,2657932,2023,5,21,23,265.79
2023-05-24,2686803,2023,5,21,24,268.68
2023-05-25,2482834,2023,5,21,25,248.28
2023-05-26,2856919,2023,5,21,26,285.69
2023-05-27,2825095,2023,5,21,27,282.51
2023-05-28,2877748,2023,5,22,28,287.77
2023-05-29,2766417,2023,5,22,29,276.64
2023-05-30,2727189,2023,5,22,30,272.72
2023-05-31,2722872,2023,5,22,31,272.29
2023-06-01,2545968,2023,6,22,1,254.6
2023-06-02,2878868,2023,6,22,2,287.89
2023-06-03,2967276,2023,6,22,3,296.73
2023-06-04,2946077,2023,6,23,4,294.61
2023-06-05,2727745,2023,6,23,5,272.77
2023-06-06,2692825,2023,6,23,6,269.28
2023-06-07,2812316,2023,6,23,7,281.23
2023-06-08,2436677,2023,6,23,8,243.67
2023-06-09,2777045,2023,6,23,9,277.7
2023-06-10,2748133,2023,6,23,10,274.81
2023-06-11,2711232,2023,6,24,11,271.12
2023-06-12,2612088,2023,6,24,12,261.21
2023-06-13,2752576,2023,6,24,13,275.26
2023-06-14,2647175,2023,6,24,14,264.72
2023-06-15,2480293,2023,6,24,15,248.03
2023-06-16,2751771,2023,6,24,16,275.18
2023-06-17,2698454,2023,6,24,17,269.85
2023-06-18,2869454,2023,6,25,18,286.95
2023-06-19,2733376,2023,6,25,19,273.34
2023-06-20,2672449,2023,6,25,20,267.24
2023-06-21,2654511,2023,6,25,21,265.45
2023-06-22,2526810,2023,6,25,22,252.68
2023-06-23,2943952,2023,6,25,23,294.4
2023-06-24,2782865,2023,6,25,24,278.29
2023-06-25,2864874,2023,6,26,25,286.49
2023-06-26,2425847,2023,6,26,26,242.58
2023-06-27,2636895,2023,6,26,27,263.69
2023-06-28,2666765,2023,6,26,28,266.68
2023-06-29,2791159,2023,6,26,29,279.12
2023-06-30,2759599,2023,6,26,30,275.96
2023-07-01,2703525,2023,7,26,1,270.35
2023-07-02,2950947,2023,7,27,2,295.09
2023-07-03,2453207,2023,7,27,3,245.32
2023-07-04,2610217,2023,7,27,4,261.02
2023-07-05,2572749,2023,7,27,5,257.27
2023-07-06,2454333,2023,7,27,6,245.43
2023-07-07,2697793,2023,7,27,7,269.78
2023-07-08,2980990,2023,7,27,8,298.1
2023-07-09,2788982,2023,7,28,9,278.9
2023-07-10,2490677,2023,7,28,10,249.07
2023-07-11,2447067,2023,7,28,11,244.71
2023-07-12,2544434,2023,7,28,12,254.44
2023-07-13,2552894,2023,7,28,13,255.29
2023-07-14,2784308,2023,7,28,14,278.43
2023-07-15,2615209,2023,7,28,15,261.52
2023-07-16,2838509,2023,7,29,16,283.85
2023-07-17,2680025,2023,7,29,17,268
2023-07-18,2477420,2023,7,29,18,247.74
2023-07-19,2614325,2023,7,29,19,261.43
2023-07-20,2446957,2023,7,29,20,244.7
2023-07-21,2762436,2023,7,29,21,276.24
2023-07-22,2514423,2023,7,29,22,251.44
2023-07-23,2690928,2023,7,30,23,269.09
2023-07-24,2569636,2023,7,30,24,256.96
2023-07-25,2497916,2023,7,30,25,249.79
2023-07-26,2618053,2023,7,30,26,261.81
2023-07-27,2427056,2023,7,30,27,242.71
2023-07-28,2814301,2023,7,30,28,281.43
2023-07-29,2703831,2023,7,30,29,270.38
2023-07-30,2707550,2023,7,31,30,270.76
2023-07-31,2500237,2023,7,31,31,250.02
2023-08-01,2395078,2023,8,31,1,239.51
2023-08-02,2512061,2023,8,31,2,251.21
2023-08-03,2477451,2023,8,31,3,247.75
2023-08-04,2759387,2023,8,31,4,275.94
2023-08-05,2658921,2023,8,31,5,265.89
2023-08-06,2675651,2023,8,32,6,267.57
2023-08-07,2528704,2023,8,32,7,252.87
2023-08-08,2450070,2023,8,32,8,245.01
2023-08-09,2512896,2023,8,32,9,251.29
2023-08-10,2387228,2023,8,32,10,238.72
2023-08-11,2572203,2023,8,32,11,257.22
2023-08-12,2722451,2023,8,32,12,272.25
2023-08-13,2448078,2023,8,33,13,244.81
2023-08-14,2332226,2023,8,33,14,233.22
2023-08-15,2396333,2023,8,33,15,239.63
2023-08-16,2519071,2023,8,33,16,251.91
2023-08-17,2392227,2023,8,33,17,239.22
2023-08-18,2586716,2023,8,33,18,258.67
2023-08-19,2823343,2023,8,33,19,282.33
2023-08-20,2292239,2023,8,34,20,229.22
2023-08-21,2236287,2023,8,34,21,223.63
2023-08-22,2354255,2023,8,34,22,235.43
2023-08-23,2455750,2023,8,34,23,245.57
2023-08-24,2291288,2023,8,34,24,229.13
2023-08-25,2619643,2023,8,34,25,261.96
2023-08-26,2514533,2023,8,34,26,251.45
2023-08-27,2599385,2023,8,35,27,259.94
2023-08-28,2344321,2023,8,35,28,234.43
2023-08-29,2297419,2023,8,35,29,229.74
2023-08-30,2311379,2023,8,35,30,231.14
2023-08-31,1900659,2023,8,35,31,190.07
2023-09-01,2523265,2023,9,35,1,252.33
2023-09-02,2524745,2023,9,35,2,252.47
2023-09-03,2330811,2023,9,36,3,233.08
2023-09-04,2140261,2023,9,36,4,214.03
2023-09-05,2071413,2023,9,36,5,207.14
2023-09-06,2294685,2023,9,36,6,229.47
2023-09-07,2217231,2023,9,36,7,221.72
2023-09-08,2339319,2023,9,36,8,233.93
2023-09-09,2320429,2023,9,36,9,232.04
2023-09-10,2482718,2023,9,37,10,248.27
2023-09-11,2210703,2023,9,37,11,221.07
2023-09-12,2217404,2023,9,37,12,221.74
2023-09-13,2335865,2023,9,37,13,233.59
2023-09-14,2282263,2023,9,37,14,228.23
2023-09-15,2492232,2023,9,37,15,249.22
2023-09-16,2289000,2023,9,37,16,228.9
2023-09-17,2372615,2023,9,38,17,237.26
2023-09-18,2071975,2023,9,38,18,207.2
2023-09-19,2045559,2023,9,38,19,204.56
2023-09-20,2287448,2023,9,38,20,228.74
2023-09-21,2077615,2023,9,38,21,207.76
2023-09-22,2294646,2023,9,38,22,229.46
2023-09-23,2298979,2023,9,38,23,229.9
2023-09-24,2317062,2023,9,39,24,231.71
2023-09-25,2216987,2023,9,39,25,221.7
2023-09-26,2174852,2023,9,39,26,217.49
2023-09-27,2289590,2023,9,39,27,228.96
2023-09-28,2092026,2023,9,39,28,209.2
2023-09-29,2287059,2023,9,39,29,228.71
2023-09-30,2333842,2023,9,39,30,233.38
2023-10-01,2366053,2023,10,40,1,236.61
2023-10-02,2184600,2023,10,40,2,218.46
2023-10-03,2054304,2023,10,40,3,205.43
2023-10-04,2118900,2023,10,40,4,211.89
2023-10-05,2141344,2023,10,40,5,214.13
2023-10-06,2136383,2023,10,40,6,213.64
2023-10-07,2278264,2023,10,40,7,227.83
2023-10-08,2184788,2023,10,41,8,218.48
2023-10-09,2086055,2023,10,41,9,208.61
2023-10-10,2062765,2023,10,41,10,206.28
2023-10-11,2125201,2023,10,41,11,212.52
2023-10-12,1905373,2023,10,41,12,190.54
2023-10-13,2246654,2023,10,41,13,224.67
2023-10-14,2307956,2023,10,41,14,230.8
2023-10-15,2313099,2023,10,42,15,231.31
2023-10-16,2073894,2023,10,42,16,207.39
2023-10-17,2012322,2023,10,42,17,201.23
2023-10-18,2022298,2023,10,42,18,202.23
2023-10-19,2039622,2023,10,42,19,203.96
2023-10-20,2092513,2023,10,42,20,209.25
2023-10-21,2219296,2023,10,42,21,221.93
2023-10-22,2316043,2023,10,43,22,231.6
2023-10-23,2168920,2023,10,43,23,216.89
2023-10-24,1954944,2023,10,43,24,195.49
2023-10-25,2028776,2023,10,43,25,202.88
2023-10-26,1966052,2023,10,43,26,196.61
2023-10-27,2145876,2023,10,43,27,214.59
2023-10-28,2291491,2023,10,43,28,229.15
2023-10-29,2257783,2023,10,44,29,225.78
2023-10-30,1838054,2023,10,44,30,183.81
2023-10-31,1931008,2023,10,44,31,193.1
2023-11-01,1988352,2023,11,44,1,198.84
2023-11-02,1875343,2023,11,44,2,187.53
2023-11-03,2329694,2023,11,44,3,232.97
2023-11-04,1949036,2023,11,44,4,194.9
2023-11-05,2147774,2023,11,45,5,214.78
2023-11-06,2009700,2023,11,45,6,200.97
2023-11-07,2004362,2023,11,45,7,200.44
2023-11-08,2093350,2023,11,45,8,209.34
2023-11-09,1976935,2023,11,45,9,197.69
2023-11-10,2075592,2023,11,45,10,207.56
2023-11-11,2078142,2023,11,45,11,207.81
2023-11-12,2091635,2023,11,46,12,209.16
2023-11-13,2036879,2023,11,46,13,203.69
2023-11-14,1977014,2023,11,46,14,197.7
2023-11-15,2166910,2023,11,46,15,216.69
2023-11-16,1987614,2023,11,46,16,198.76
2023-11-17,2149128,2023,11,46,17,214.91
2023-11-18,2151634,2023,11,46,18,215.16
2023-11-19,2229483,2023,11,47,19,222.95
2023-11-20,1981178,2023,11,47,20,198.12
2023-11-21,1834652,2023,11,47,21,183.47
2023-11-22,1973557,2023,11,47,22,197.36
2023-11-23,1866447,2023,11,47,23,186.64
2023-11-24,2014064,2023,11,47,24,201.41
2023-11-25,1992400,2023,11,47,25,199.24
2023-11-26,2038104,2023,11,48,26,203.81
2023-11-27,1984824,2023,11,48,27,198.48
2023-11-28,1994527,2023,11,48,28,199.45
2023-11-29,1911610,2023,11,48,29,191.16
2023-11-30,1978531,2023,11,48,30,197.85
2023-12-01,2174104,2023,12,48,1,217.41
2023-12-02,2128479,2023,12,48,2,212.85
2023-12-03,2223963,2023,12,49,3,222.4
2023-12-04,2040345,2023,12,49,4,204.03
2023-12-05,1884685,2023,12,49,5,188.47
2023-12-06,2029309,2023,12,49,6,202.93
2023-12-07,1998958,2023,12,49,7,199.9
2023-12-08,2012743,2023,12,49,8,201.27
2023-12-09,2059850,2023,12,49,9,205.99
2023-12-10,2075809,2023,12,50,10,207.58
2023-12-11,1877760,2023,12,50,11,187.78
2023-12-12,1878445,2023,12,50,12,187.84
2023-12-13,1976908,2023,12,50,13,197.69
2023-12-14,1977320,2023,12,50,14,197.73
2023-12-15,2229022,2023,12,50,15,222.9
2023-12-16,2188911,2023,12,50,16,218.89
2023-12-17,1946493,2023,12,51,17,194.65
2023-12-18,1883959,2023,12,51,18,188.4
2023-12-19,2027016,2023,12,51,19,202.7
2023-12-20,1867572,2023,12,51,20,186.76
2023-12-21,2222891,2023,12,51,21,222.29
2023-12-22,2205124,2023,12,51,22,220.51
2023-12-23,2179696,2023,12,51,23,217.97
2023-12-24,2284662,2023,12,52,24,228.47
2023-12-25,1926559,2023,12,52,25,192.66
2023-12-26,2024871,2023,12,52,26,202.49
2023-12-27,2043582,2023,12,52,27,204.36
2023-12-28,1997205,2023,12,52,28,199.72
2023-12-29,2060667,2023,12,52,29,206.07
2023-12-30,2058233,2023,12,52,30,205.82
2023-12-31,2126500,2023,12,53,31,212.65
2024-01-01,1893145,2024,1,1,1,189.31
2024-01-02,1968222,2024,1,1,2,196.82
2024-01-03,2139766,2024,1,1,3,213.98
2024-01-04,2034344,2024,1,1,4,203.43
2024-01-05,2179923,2024,1,1,5,217.99
2024-01-06,2244903,2024,1,1,6,224.49
2024-01-07,2258239,2024,1,1,7,225.82
2024-01-08,1972230,2024,1,2,8,197.22
2024-01-09,1940537,2024,1,2,9,194.05
2024-01-10,2160608,2024,1,2,10,216.06
2024-01-11,2196434,2024,1,2,11,219.64
2024-01-12,2186763,2024,1,2,12,218.68
2024-01-13,2095404,2024,1,2,13,209.54
2024-01-14,2105752,2024,1,2,14,210.58
2024-01-15,2106756,2024,1,3,15,210.68
2024-01-16,2031917,2024,1,3,16,203.19
2024-01-17,2097485,2024,1,3,17,209.75
2024-01-18,1981050,2024,1,3,18,198.1
2024-01-19,2474534,2024,1,3,19,247.45
2024-01-20,2241900,2024,1,3,20,224.19
2024-01-21,2209810,2024,1,3,21,220.98
2024-01-22,2092699,2024,1,4,22,209.27
2024-01-23,1876266,2024,1,4,23,187.63
2024-01-24,2013711,2024,1,4,24,201.37
2024-01-25,2019822,2024,1,4,25,201.98
2024-01-26,2171810,2024,1,4,26,217.18
2024-01-27,2308123,2024,1,4,27,230.81
2024-01-28,2280949,2024,1,4,28,228.09
2024-01-29,2148457,2024,1,5,29,214.85
2024-01-30,2029645,2024,1,5,30,202.96
2024-01-31,2309231,2024,1,5,31,230.92
2024-02-01,2108378,2024,2,5,1,210.84
2024-02-02,2208476,2024,2,5,2,220.85
2024-02-03,2234131,2024,2,5,3,223.41
2024-02-04,2381437,2024,2,5,4,238.14
2024-02-05,2105375,2024,2,6,5,210.54
2024-02-06,2095326,2024,2,6,6,209.53
2024-02-07,2365686,2024,2,6,7,236.57
2024-02-08,2166980,2024,2,6,8,216.7
2024-02-09,2353696,2024,2,6,9,235.37
2024-02-10,2307062,2024,2,6,10,230.71
2024-02-11,2338861,2024,2,6,11,233.89
2024-02-12,2178050,2024,2,7,12,217.8
2024-02-13,2280801,2024,2,7,13,228.08
2024-02-14,2116305,2024,2,7,14,211.63
2024-02-15,2258778,2024,2,7,15,225.88
2024-02-16,2564374,2024,2,7,16,256.44
2024-02-17,2245972,2024,2,7,17,224.6
2024-02-18,2446603,2024,2,7,18,244.66
2024-02-19,2298918,2024,2,8,19,229.89
2024-02-20,2277224,2024,2,8,20,227.72
2024-02-21,2452211,2024,2,8,21,245.22
2024-02-22,2272829,2024,2,8,22,227.28
2024-02-23,2571929,2024,2,8,23,257.19
2024-02-24,2664865,2024,2,8,24,266.49
2024-02-25,2344107,2024,2,8,25,234.41
2024-02-26,2331965,2024,2,9,26,233.2
2024-02-27,2286361,2024,2,9,27,228.64
2024-02-28,2429228,2024,2,9,28,242.92
2024-02-29,2273052,2024,2,9,29,227.31
2024-03-01,2405972,2024,3,9,1,240.6
2024-03-02,2511832,2024,3,9,2,251.18
2024-03-03,2474567,2024,3,9,3,247.46
2024-03-04,2408084,2024,3,10,4,240.81
2024-03-05,2290579,2024,3,10,5,229.06
2024-03-06,2402360,2024,3,10,6,240.24
2024-03-07,2451980,2024,3,10,7,245.2
2024-03-08,2680491,2024,3,10,8,268.05
2024-03-09,2494367,2024,3,10,9,249.44
2024-03-10,2505987,2024,3,10,10,250.6
2024-03-11,2396030,2024,3,11,11,239.6
2024-03-12,2448643,2024,3,11,12,244.86
2024-03-13,2379010,2024,3,11,13,237.9
2024-03-14,2327367,2024,3,11,14,232.74
2024-03-15,2622981,2024,3,11,15,262.3
2024-03-16,2618550,2024,3,11,16,261.86
2024-03-17,2583081,2024,3,11,17,258.31
2024-03-18,2403103,2024,3,12,18,240.31
2024-03-19,2506325,2024,3,12,19,250.63
2024-03-20,2506427,2024,3,12,20,250.64
2024-03-21,2577552,2024,3,12,21,257.76
2024-03-22,2725733,2024,3,12,22,272.57
2024-03-23,2792957,2024,3,12,23,279.3
2024-03-24,2630237,2024,3,12,24,263.02
2024-03-25,2501044,2024,3,13,25,250.1
2024-03-26,2474755,2024,3,13,26,247.48
2024-03-27,2628825,2024,3,13,27,262.88
2024-03-28,2490070,2024,3,13,28,249.01
2024-03-29,2721848,2024,3,13,29,272.18
2024-03-30,2762311,2024,3,13,30,276.23
2024-03-31,2772462,2024,3,13,31,277.25
2024-04-01,2503070,2024,4,14,1,250.31
2024-04-02,2506795,2024,4,14,2,250.68
2024-04-03,2691894,2024,4,14,3,269.19
2024-04-04,2455290,2024,4,14,4,245.53
2024-04-05,2852754,2024,4,14,5,285.28
2024-04-06,2761487,2024,4,14,6,276.15
2024-04-07,2587653,2024,4,14,7,258.77
2024-04-08,2566860,2024,4,15,8,256.69
2024-04-09,2611028,2024,4,15,9,261.1
2024-04-10,2468614,2024,4,15,10,246.86
2024-04-11,2381865,2024,4,15,11,238.19
2024-04-12,2629018,2024,4,15,12,262.9
2024-04-13,2798624,2024,4,15,13,279.86
2024-04-14,2738918,2024,4,15,14,273.89
2024-04-15,2680031,2024,4,16,15,268
2024-04-16,2555772,2024,4,16,16,255.58
2024-04-17,2594561,2024,4,16,17,259.46
2024-04-18,2464677,2024,4,16,18,246.47
2024-04-19,2499243,2024,4,16,19,249.92
2024-04-20,2660677,2024,4,16,20,266.07
2024-04-21,2773023,2024,4,16,21,277.3
2024-04-22,2413113,2024,4,17,22,241.31
2024-04-23,2723796,2024,4,17,23,272.38
2024-04-24,2558138,2024,4,17,24,255.81
2024-04-25,2387037,2024,4,17,25,238.7
2024-04-26,2769625,2024,4,17,26,276.96
2024-04-27,2604151,2024,4,17,27,260.42
2024-04-28,2783190,2024,4,17,28,278.32
2024-04-29,2665159,2024,4,18,29,266.52
2024-04-30,2584997,2024,4,18,30,258.5
2024-05-01,2707628,2024,5,18,1,270.76
2024-05-02,2645263,2024,5,18,2,264.53
2024-05-03,2736053,2024,5,18,3,273.61
2024-05-04,2698403,2024,5,18,4,269.84
2024-05-05,2879518,2024,5,18,5,287.95
2024-05-06,2632466,2024,5,19,6,263.25
2024-05-07,2542852,2024,5,19,7,254.29
2024-05-08,2703934,2024,5,19,8,270.39
2024-05-09,2680773,2024,5,19,9,268.08
2024-05-10,2871045,2024,5,19,10,287.1
2024-05-11,2896368,2024,5,19,11,289.64
2024-05-12,2817109,2024,5,19,12,281.71
2024-05-13,2595564,2024,5,20,13,259.56
2024-05-14,2787315,2024,5,20,14,278.73
2024-05-15,2776039,2024,5,20,15,277.6
2024-05-16,2700289,2024,5,20,16,270.03
2024-05-17,2856526,2024,5,20,17,285.65
2024-05-18,2882453,2024,5,20,18,288.25
2024-05-19,2801303,2024,5,20,19,280.13
2024-05-20,2717412,2024,5,21,20,271.74
2024-05-21,2702757,2024,5,21,21,270.28
2024-05-22,2717073,2024,5,21,22,271.71
2024-05-23,2471015,2024,5,21,23,247.1
2024-05-24,2861043,2024,5,21,24,286.1
2024-05-25,2859096,2024,5,21,25,285.91
2024-05-26,2810000,2024,5,21,26,281
2024-05-27,2705920,2024,5,22,27,270.59
2024-05-28,2735091,2024,5,22,28,273.51
2024-05-29,2447552,2024,5,22,29,244.76
2024-05-30,2584851,2024,5,22,30,258.49
2024-05-31,2741760,2024,5,22,31,274.18
2024-06-01,2590005,2024,6,22,1,259
2024-06-02,2800468,2024,6,22,2,280.05
2024-06-03,2584159,2024,6,23,3,258.42
2024-06-04,2747672,2024,6,23,4,274.77
2024-06-05,2547743,2024,6,23,5,254.77
2024-06-06,2726031,2024,6,23,6,272.6
2024-06-07,2705828,2024,6,23,7,270.58
2024-06-08,2987519,2024,6,23,8,298.75
2024-06-09,2808542,2024,6,23,9,280.85
2024-06-10,2624268,2024,6,24,10,262.43
2024-06-11,2629540,2024,6,24,11,262.95
2024-06-12,2619890,2024,6,24,12,261.99
2024-06-13,2621757,2024,6,24,13,262.18
2024-06-14,2728060,2024,6,24,14,272.81
2024-06-15,2699940,2024,6,24,15,269.99
2024-06-16,2702349,2024,6,24,16,270.23
2024-06-17,2585344,2024,6,25,17,258.53
2024-06-18,2652575,2024,6,25,18,265.26
2024-06-19,2551121,2024,6,25,19,255.11
2024-06-20,2664308,2024,6,25,20,266.43
2024-06-21,2803047,2024,6,25,21,280.3
2024-06-22,2679111,2024,6,25,22,267.91
2024-06-23,2840770,2024,6,25,23,284.08
2024-06-24,2686963,2024,6,26,24,268.7
2024-06-25,2451405,2024,6,26,25,245.14
2024-06-26,2690041,2024,6,26,26,269
2024-06-27,2560058,2024,6,26,27,256.01
2024-06-28,2759026,2024,6,26,28,275.9
2024-06-29,2873581,2024,6,26,29,287.36
2024-06-30,2702378,2024,6,26,30,270.24
2024-07-01,2794207,2024,7,27,1,279.42
2024-07-02,2407083,2024,7,27,2,240.71
2024-07-03,2588863,2024,7,27,3,258.89
2024-07-04,2555894,2024,7,27,4,255.59
2024-07-05,2823392,2024,7,27,5,282.34
2024-07-06,2747633,2024,7,27,6,274.76
2024-07-07,2678550,2024,7,27,7,267.86
2024-07-08,2684875,2024,7,28,8,268.49
2024-07-09,2628909,2024,7,28,9,262.89
2024-07-10,2608834,2024,7,28,10,260.88
2024-07-11,2565307,2024,7,28,11,256.53
2024-07-12,2750542,2024,7,28,12,275.05
2024-07-13,2737813,2024,7,28,13,273.78
2024-07-14,2673184,2024,7,28,14,267.32
2024-07-15,2606676,2024,7,29,15,260.67
2024-07-16,2513846,2024,7,29,16,251.38
2024-07-17,2430676,2024,7,29,17,243.07
2024-07-18,2583965,2024,7,29,18,258.4
2024-07-19,2659915,2024,7,29,19,265.99
2024-07-20,2742725,2024,7,29,20,274.27
2024-07-21,2750762,2024,7,29,21,275.08
2024-07-22,2481823,2024,7,30,22,248.18
2024-07-23,2561956,2024,7,30,23,256.2
2024-07-24,2493272,2024,7,30,24,249.33
2024-07-25,2491086,2024,7,30,25,249.11
2024-07-26,2668926,2024,7,30,26,266.89
2024-07-27,2702791,2024,7,30,27,270.28
2024-07-28,2577329,2024,7,30,28,257.73
2024-07-29,2591377,2024,7,31,29,259.14
2024-07-30,2508368,2024,7,31,30,250.84
2024-07-31,2405148,2024,7,31,31,240.51
2024-08-01,2259156,2024,8,31,1,225.92
2024-08-02,2525403,2024,8,31,2,252.54
2024-08-03,2616639,2024,8,31,3,261.66
2024-08-04,2762069,2024,8,31,4,276.21
2024-08-05,2411089,2024,8,32,5,241.11
2024-08-06,2369013,2024,8,32,6,236.9
2024-08-07,2384368,2024,8,32,7,238.44
2024-08-08,2517047,2024,8,32,8,251.7
2024-08-09,2464478,2024,8,32,9,246.45
2024-08-10,2529723,2024,8,32,10,252.97
2024-08-11,2544317,2024,8,32,11,254.43
2024-08-12,2227462,2024,8,33,12,222.75
2024-08-13,2552638,2024,8,33,13,255.26
2024-08-14,2495003,2024,8,33,14,249.5
2024-08-15,2467514,2024,8,33,15,246.75
2024-08-16,2737926,2024,8,33,16,273.79
2024-08-17,2524385,2024,8,33,17,252.44
2024-08-18,2461696,2024,8,33,18,246.17
2024-08-19,2249373,2024,8,34,19,224.94
2024-08-20,2368394,2024,8,34,20,236.84
2024-08-21,2591250,2024,8,34,21,259.12
2024-08-22,2344902,2024,8,34,22,234.49
2024-08-23,2452423,2024,8,34,23,245.24
2024-08-24,2597640,2024,8,34,24,259.76
2024-08-25,2502993,2024,8,34,25,250.3
2024-08-26,2473316,2024,8,35,26,247.33
2024-08-27,2332112,2024,8,35,27,233.21
2024-08-28,2436571,2024,8,35,28,243.66
2024-08-29,2245183,2024,8,35,29,224.52
2024-08-30,2434608,2024,8,35,30,243.46
2024-08-31,2550738,2024,8,35,31,255.07
2024-09-01,2521185,2024,9,35,1,252.12
2024-09-02,2287855,2024,9,36,2,228.79
2024-09-03,2432458,2024,9,36,3,243.25
2024-09-04,2235044,2024,9,36,4,223.5
2024-09-05,2188855,2024,9,36,5,218.89
2024-09-06,2248773,2024,9,36,6,224.88
2024-09-07,2532604,2024,9,36,7,253.26
2024-09-08,2437442,2024,9,36,8,243.74
2024-09-09,2105362,2024,9,37,9,210.54
2024-09-10,2376018,2024,9,37,10,237.6
2024-09-11,2164802,2024,9,37,11,216.48
2024-09-12,2341247,2024,9,37,12,234.12
2024-09-13,2595938,2024,9,37,13,259.59
2024-09-14,2373755,2024,9,37,14,237.38
2024-09-15,2490439,2024,9,37,15,249.04
2024-09-16,2082993,2024,9,38,16,208.3
2024-09-17,1991491,2024,9,38,17,199.15
2024-09-18,2134063,2024,9,38,18,213.41
2024-09-19,2202808,2024,9,38,19,220.28
2024-09-20,2321839,2024,9,38,20,232.18
2024-09-21,2396593,2024,9,38,21,239.66
2024-09-22,2288014,2024,9,38,22,228.8
2024-09-23,2176675,2024,9,39,23,217.67
2024-09-24,2137396,2024,9,39,24,213.74
2024-09-25,2065074,2024,9,39,25,206.51
2024-09-26,2125221,2024,9,39,26,212.52
2024-09-27,2275646,2024,9,39,27,227.56
2024-09-28,2432519,2024,9,39,28,243.25
2024-09-29,2270877,2024,9,39,29,227.09
2024-09-30,2093944,2024,9,40,30,209.39
2024-10-01,2176987,2024,10,40,1,217.7
2024-10-02,2039280,2024,10,40,2,203.93
2024-10-03,2065818,2024,10,40,3,206.58
2024-10-04,2302710,2024,10,40,4,230.27
2024-10-05,2306168,2024,10,40,5,230.62
2024-10-06,2186468,2024,10,40,6,218.65
2024-10-07,2099800,2024,10,41,7,209.98
2024-10-08,2019554,2024,10,41,8,201.96
2024-10-09,1978484,2024,10,41,9,197.85
2024-10-10,1929251,2024,10,41,10,192.93
2024-10-11,2347739,2024,10,41,11,234.77
2024-10-12,2180140,2024,10,41,12,218.01
2024-10-13,2312992,2024,10,41,13,231.3
2024-10-14,2052294,2024,10,42,14,205.23
2024-10-15,2137658,2024,10,42,15,213.77
2024-10-16,2151340,2024,10,42,16,215.13
2024-10-17,2017622,2024,10,42,17,201.76
2024-10-18,2226850,2024,10,42,18,222.68
2024-10-19,2153263,2024,10,42,19,215.33
2024-10-20,2235174,2024,10,42,20,223.52
2024-10-21,2036132,2024,10,43,21,203.61
2024-10-22,2107553,2024,10,43,22,210.76
2024-10-23,2057008,2024,10,43,23,205.7
2024-10-24,1894778,2024,10,43,24,189.48
2024-10-25,2225790,2024,10,43,25,222.58
2024-10-26,2054253,2024,10,43,26,205.43
2024-10-27,2341847,2024,10,43,27,234.18
2024-10-28,2078824,2024,10,44,28,207.88
2024-10-29,2012217,2024,10,44,29,201.22
2024-10-30,1950822,2024,10,44,30,195.08
2024-10-31,1732811,2024,10,44,31,173.28
2024-11-01,2108336,2024,11,44,1,210.83
2024-11-02,2084165,2024,11,44,2,208.42
2024-11-03,2190736,2024,11,44,3,219.07
2024-11-04,1884650,2024,11,45,4,188.46
2024-11-05,1982646,2024,11,45,5,198.26
2024-11-06,1941496,2024,11,45,6,194.15
2024-11-07,2000470,2024,11,45,7,200.05
2024-11-08,2201641,2024,11,45,8,220.16
2024-11-09,2202080,2024,11,45,9,220.21
2024-11-10,2283242,2024,11,45,10,228.32
2024-11-11,2029167,2024,11,46,11,202.92
2024-11-12,1848727,2024,11,46,12,184.87
2024-11-13,2008655,2024,11,46,13,200.87
2024-11-14,1837559,2024,11,46,14,183.76
2024-11-15,2143644,2024,11,46,15,214.36
2024-11-16,2132481,2024,11,46,16,213.25
2024-11-17,2128236,2024,11,46,17,212.82
2024-11-18,2051217,2024,11,47,18,205.12
2024-11-19,1921177,2024,11,47,19,192.12
2024-11-20,1879354,2024,11,47,20,187.94
2024-11-21,1803415,2024,11,47,21,180.34
2024-11-22,2078573,2024,11,47,22,207.86
2024-11-23,2135385,2024,11,47,23,213.54
2024-11-24,2257145,2024,11,47,24,225.71
2024-11-25,1999929,2024,11,48,25,199.99
2024-11-26,2060191,2024,11,48,26,206.02
2024-11-27,1906592,2024,11,48,27,190.66
2024-11-28,1951621,2024,11,48,28,195.16
2024-11-29,2004242,2024,11,48,29,200.42
2024-11-30,2000867,2024,11,48,30,200.09
2024-12-01,2081922,2024,12,48,1,208.19
2024-12-02,2083571,2024,12,49,2,208.36
2024-12-03,2005308,2024,12,49,3,200.53
2024-12-04,1894067,2024,12,49,4,189.41
2024-12-05,2004638,2024,12,49,5,200.46
2024-12-06,2107738,2024,12,49,6,210.77
2024-12-07,1970182,2024,12,49,7,197.02
2024-12-08,2205043,2024,12,49,8,220.5
2024-12-09,1934896,2024,12,50,9,193.49
2024-12-10,1936695,2024,12,50,10,193.67
2024-12-11,1872729,2024,12,50,11,187.27
2024-12-12,1833265,2024,12,50,12,183.33
2024-12-13,2084143,2024,12,50,13,208.41
2024-12-14,2018763,2024,12,50,14,201.88
2024-12-15,2123221,2024,12,50,15,212.32
2024-12-16,1980044,2024,12,51,16,198
2024-12-17,2121211,2024,12,51,17,212.12
2024-12-18,1933209,2024,12,51,18,193.32
2024-12-19,1932676,2024,12,51,19,193.27
2024-12-20,2023741,2024,12,51,20,202.37
2024-12-21,2425899,2024,12,51,21,242.59
2024-12-22,2020733,2024,12,51,22,202.07
2024-12-23,1936327,2024,12,52,23,193.63
2024-12-24,1863108,2024,12,52,24,186.31
2024-12-25,2143696,2024,12,52,25,214.37
2024-12-26,1948561,2024,12,52,26,194.86
2024-12-27,2333180,2024,12,52,27,233.32
2024-12-28,2259479,2024,12,52,28,225.95
2024-12-29,2206644,2024,12,52,29,220.66
2024-12-30,2016099,2024,12,53,30,201.61
2024-12-31,2106008,2024,12,53,31,210.6
2025-01-01,2067205,2025,1,1,1,206.72
2025-01-02,2085556,2025,1,1,2,208.56
2025-01-03,2302694,2025,1,1,3,230.27
2025-01-04,2300992,2025,1,1,4,230.1
2025-01-05,2223456,2025,1,1,5,222.35
2025-01-06,1852165,2025,1,1,6,185.22
2025-01-07,2004294,2025,1,1,7,200.43
2025-01-08,2076408,2025,1,2,8,207.64
2025-01-09,2061746,2025,1,2,9,206.17
2025-01-10,2264049,2025,1,2,10,226.4
2025-01-11,2279550,2025,1,2,11,227.96
2025-01-12,2305661,2025,1,2,12,230.57
2025-01-13,1984572,2025,1,2,13,198.46
2025-01-14,2148492,2025,1,2,14,214.85
2025-01-15,2072431,2025,1,3,15,207.24
2025-01-16,1877367,2025,1,3,16,187.74
2025-01-17,2303796,2025,1,3,17,230.38
2025-01-18,2248947,2025,1,3,18,224.89
2025-01-19,2353924,2025,1,3,19,235.39
2025-01-20,2284045,2025,1,3,20,228.4
2025-01-21,2134617,2025,1,3,21,213.46
2025-01-22,2046383,2025,1,4,22,204.64
2025-01-23,2057760,2025,1,4,23,205.78
2025-01-24,2232273,2025,1,4,24,223.23
2025-01-25,2266875,2025,1,4,25,226.69
2025-01-26,2203027,2025,1,4,26,220.3
2025-01-27,2140377,2025,1,4,27,214.04
2025-01-28,2315402,2025,1,4,28,231.54
2025-01-29,2118380,2025,1,5,29,211.84
2025-01-30,2006669,2025,1,5,30,200.67
2025-01-31,2278738,2025,1,5,31,227.87
2025-02-01,2200148,2025,2,5,1,220.01
2025-02-02,2479384,2025,2,5,2,247.94
2025-02-03,2133741,2025,2,5,3,213.37
2025-02-04,2047649,2025,2,5,4,204.76
2025-02-05,2284195,2025,2,6,5,228.42
2025-02-06,2234349,2025,2,6,6,223.43
2025-02-07,2356086,2025,2,6,7,235.61
2025-02-08,2064670,2025,2,6,8,206.47
2025-02-09,2336926,2025,2,6,9,233.69
2025-02-10,2267668,2025,2,6,10,226.77
2025-02-11,2120893,2025,2,6,11,212.09
2025-02-12,2138366,2025,2,7,12,213.84
2025-02-13,2210252,2025,2,7,13,221.03
2025-02-14,2210631,2025,2,7,14,221.06
2025-02-15,2309573,2025,2,7,15,230.96
2025-02-16,2358951,2025,2,7,16,235.9
2025-02-17,2365710,2025,2,7,17,236.57
2025-02-18,2001823,2025,2,7,18,200.18
2025-02-19,2125751,2025,2,8,19,212.58
2025-02-20,2163885,2025,2,8,20,216.39
2025-02-21,2534317,2025,2,8,21,253.43
2025-02-22,2494000,2025,2,8,22,249.4
2025-02-23,2355018,2025,2,8,23,235.5
2025-02-24,2308594,2025,2,8,24,230.86
2025-02-25,2227916,2025,2,8,25,222.79
2025-02-26,2382082,2025,2,9,26,238.21
2025-02-27,2199937,2025,2,9,27,219.99
2025-02-28,2497245,2025,2,9,28,249.72
2025-03-01,2440024,2025,3,9,1,244
2025-03-02,2646423,2025,3,9,2,264.64
2025-03-03,2318238,2025,3,9,3,231.82
2025-03-04,2402744,2025,3,9,4,240.27
2025-03-05,2373245,2025,3,10,5,237.32
2025-03-06,2270566,2025,3,10,6,227.06
2025-03-07,2450654,2025,3,10,7,245.07
2025-03-08,2358090,2025,3,10,8,235.81
2025-03-09,2423154,2025,3,10,9,242.32
2025-03-10,2217588,2025,3,10,10,221.76
2025-03-11,2422831,2025,3,10,11,242.28
2025-03-12,2289959,2025,3,11,12,229
2025-03-13,2464426,2025,3,11,13,246.44
2025-03-14,2527916,2025,3,11,14,252.79
2025-03-15,2488566,2025,3,11,15,248.86
2025-03-16,2544247,2025,3,11,16,254.42
2025-03-17,2413258,2025,3,11,17,241.33
2025-03-18,2262781,2025,3,11,18,226.28
2025-03-19,2510092,2025,3,12,19,251.01
2025-03-20,2476601,2025,3,12,20,247.66
2025-03-21,2532437,2025,3,12,21,253.24
2025-03-22,2628270,2025,3,12,22,262.83
2025-03-23,2438089,2025,3,12,23,243.81
2025-03-24,2531975,2025,3,12,24,253.2
2025-03-25,2364246,2025,3,12,25,236.42
2025-03-26,2458205,2025,3,13,26,245.82
2025-03-27,2405384,2025,3,13,27,240.54
2025-03-28,2602229,2025,3,13,28,260.22
2025-03-29,2626885,2025,3,13,29,262.69
2025-03-30,2569995,2025,3,13,30,257
2025-03-31,2451434,2025,3,13,31,245.14
2025-04-01,2472328,2025,4,13,1,247.23
2025-04-02,2434457,2025,4,14,2,243.45
2025-04-03,2516965,2025,4,14,3,251.7
2025-04-04,2443295,2025,4,14,4,244.33
2025-04-05,2657751,2025,4,14,5,265.78
2025-04-06,2474366,2025,4,14,6,247.44
2025-04-07,2571866,2025,4,14,7,257.19
2025-04-08,2408377,2025,4,14,8,240.84
2025-04-09,2521616,2025,4,15,9,252.16
2025-04-10,2561601,2025,4,15,10,256.16
2025-04-11,2453211,2025,4,15,11,245.32
2025-04-12,2609406,2025,4,15,12,260.94
2025-04-13,2766977,2025,4,15,13,276.7
2025-04-14,2730529,2025,4,15,14,273.05
2025-04-15,2641222,2025,4,15,15,264.12
2025-04-16,2388315,2025,4,16,16,238.83
2025-04-17,2568365,2025,4,16,17,256.84
2025-04-18,2830430,2025,4,16,18,283.04
2025-04-19,2515628,2025,4,16,19,251.56
2025-04-20,2856849,2025,4,16,20,285.68
2025-04-21,2453968,2025,4,16,21,245.4
2025-04-22,2488781,2025,4,16,22,248.88
2025-04-23,2487012,2025,4,17,23,248.7
2025-04-24,2523116,2025,4,17,24,252.31
2025-04-25,2681062,2025,4,17,25,268.11
2025-04-26,2744946,2025,4,17,26,274.49
2025-04-27,2754707,2025,4,17,27,275.47
2025-04-28,2555290,2025,4,17,28,255.53
2025-04-29,2603797,2025,4,17,29,260.38
2025-04-30,2605258,2025,4,18,30,260.53
2025-05-01,2575502,2025,5,18,1,257.55
2025-05-02,2760177,2025,5,18,2,276.02
2025-05-03,2744428,2025,5,18,3,274.44
2025-05-04,2835040,2025,5,18,4,283.5
2025-05-05,2583811,2025,5,18,5,258.38
2025-05-06,2561170,2025,5,18,6,256.12
2025-05-07,2651358,2025,5,19,7,265.14
2025-05-08,2507012,2025,5,19,8,250.7
2025-05-09,2585700,2025,5,19,9,258.57
2025-05-10,2805866,2025,5,19,10,280.59
2025-05-11,2957204,2025,5,19,11,295.72
2025-05-12,2598391,2025,5,19,12,259.84
2025-05-13,2691893,2025,5,19,13,269.19
2025-05-14,2746288,2025,5,20,14,274.63
2025-05-15,2716490,2025,5,20,15,271.65
2025-05-16,2761649,2025,5,20,16,276.16
2025-05-17,2862392,2025,5,20,17,286.24
2025-05-18,2870389,2025,5,20,18,287.04
2025-05-19,2621967,2025,5,20,19,262.2
2025-05-20,2689606,2025,5,20,20,268.96
2025-05-21,2539006,2025,5,21,21,253.9
2025-05-22,2619014,2025,5,21,22,261.9
2025-05-23,2745223,2025,5,21,23,274.52
2025-05-24,2863591,2025,5,21,24,286.36
2025-05-25,2845754,2025,5,21,25,284.58
2025-05-26,2665133,2025,5,21,26,266.51
2025-05-27,2768520,2025,5,21,27,276.85
2025-05-28,2659332,2025,5,22,28,265.93
2025-05-29,2687357,2025,5,22,29,268.74
2025-05-30,2886913,2025,5,22,30,288.69
2025-05-31,2797905,2025,5,22,31,279.79
2025-06-01,2878080,2025,6,22,1,287.81
2025-06-02,2665293,2025,6,22,2,266.53
2025-06-03,2492441,2025,6,22,3,249.24
2025-06-04,2788799,2025,6,23,4,278.88
2025-06-05,2639537,2025,6,23,5,263.95
2025-06-06,2684318,2025,6,23,6,268.43
2025-06-07,2901976,2025,6,23,7,290.2
2025-06-08,2746495,2025,6,23,8,274.65
2025-06-09,2589959,2025,6,23,9,259
2025-06-10,2499565,2025,6,23,10,249.96
2025-06-11,2709924,2025,6,24,11,270.99
2025-06-12,2704393,2025,6,24,12,270.44
2025-06-13,2715918,2025,6,24,13,271.59
2025-06-14,2796554,2025,6,24,14,279.66
2025-06-15,2835837,2025,6,24,15,283.58
2025-06-16,2851079,2025,6,24,16,285.11
2025-06-17,2760213,2025,6,24,17,276.02
2025-06-18,2509832,2025,6,25,18,250.98
2025-06-19,2583772,2025,6,25,19,258.38
2025-06-20,2880861,2025,6,25,20,288.09
2025-06-21,2857020,2025,6,25,21,285.7
2025-06-22,2814995,2025,6,25,22,281.5
2025-06-23,2585201,2025,6,25,23,258.52
2025-06-24,2689179,2025,6,25,24,268.92
2025-06-25,2657363,2025,6,26,25,265.74
2025-06-26,2604211,2025,6,26,26,260.42
2025-06-27,2798877,2025,6,26,27,279.89
2025-06-28,2830896,2025,6,26,28,283.09
2025-06-29,2837119,2025,6,26,29,283.71
2025-06-30,2726861,2025,6,26,30,272.69
2025-07-01,2650337,2025,7,26,1,265.03
2025-07-02,2609633,2025,7,27,2,260.96
2025-07-03,2578322,2025,7,27,3,257.83
2025-07-04,2799766,2025,7,27,4,279.98
2025-07-05,2882597,2025,7,27,5,288.26
2025-07-06,2799589,2025,7,27,6,279.96
2025-07-07,2685712,2025,7,27,7,268.57
2025-07-08,2489553,2025,7,27,8,248.96
2025-07-09,2523820,2025,7,28,9,252.38
2025-07-10,2701971,2025,7,28,10,270.2
2025-07-11,2666744,2025,7,28,11,266.67
2025-07-12,2763533,2025,7,28,12,276.35
2025-07-13,2747023,2025,7,28,13,274.7
2025-07-14,2561802,2025,7,28,14,256.18
2025-07-15,2671933,2025,7,28,15,267.19
2025-07-16,2457987,2025,7,29,16,245.8
2025-07-17,2685996,2025,7,29,17,268.6
2025-07-18,2550801,2025,7,29,18,255.08
2025-07-19,2739286,2025,7,29,19,273.93
2025-07-20,2829732,2025,7,29,20,282.97
2025-07-21,2544035,2025,7,29,21,254.4
2025-07-22,2444211,2025,7,29,22,244.42
2025-07-23,2520605,2025,7,30,23,252.06
2025-07-24,2562637,2025,7,30,24,256.26
2025-07-25,2735362,2025,7,30,25,273.54
2025-07-26,2576612,2025,7,30,26,257.66
2025-07-27,2654634,2025,7,30,27,265.46
2025-07-28,2577525,2025,7,30,28,257.75
2025-07-29,2413076,2025,7,30,29,241.31
2025-07-30,2477142,2025,7,31,30,247.71
2025-07-31,2473349,2025,7,31,31,247.33
2025-08-01,2626878,2025,8,31,1,262.69
2025-08-02,2710053,2025,8,31,2,271.01
2025-08-03,2667750,2025,8,31,3,266.78
2025-08-04,2381798,2025,8,31,4,238.18
2025-08-05,2453247,2025,8,31,5,245.32
2025-08-06,2421280,2025,8,32,6,242.13
2025-08-07,2522339,2025,8,32,7,252.23
2025-08-08,2385463,2025,8,32,8,238.55
2025-08-09,2583354,2025,8,32,9,258.34
2025-08-10,2623017,2025,8,32,10,262.3
2025-08-11,2546264,2025,8,32,11,254.63
2025-08-12,2294989,2025,8,32,12,229.5
2025-08-13,2484059,2025,8,33,13,248.41
2025-08-14,2469781,2025,8,33,14,246.98
2025-08-15,2479039,2025,8,33,15,247.9
2025-08-16,2505297,2025,8,33,16,250.53
2025-08-17,2438364,2025,8,33,17,243.84
2025-08-18,2343429,2025,8,33,18,234.34
2025-08-19,2341496,2025,8,33,19,234.15
2025-08-20,2316271,2025,8,34,20,231.63
2025-08-21,2435238,2025,8,34,21,243.52
2025-08-22,2369370,2025,8,34,22,236.94
2025-08-23,2668973,2025,8,34,23,266.9
2025-08-24,2446177,2025,8,34,24,244.62
2025-08-25,2302618,2025,8,34,25,230.26
2025-08-26,2226196,2025,8,34,26,222.62
2025-08-27,2314304,2025,8,35,27,231.43
2025-08-28,2338801,2025,8,35,28,233.88
2025-08-29,2608806,2025,8,35,29,260.88
2025-08-30,2418169,2025,8,35,30,241.82
2025-08-31,2446749,2025,8,35,31,244.67
2025-09-01,2254286,2025,9,35,1,225.43
2025-09-02,2262950,2025,9,35,2,226.29
2025-09-03,2356446,2025,9,36,3,235.64
2025-09-04,2293284,2025,9,36,4,229.33
2025-09-05,2456658,2025,9,36,5,245.67
2025-09-06,2522935,2025,9,36,6,252.29
2025-09-07,2563566,2025,9,36,7,256.36
2025-09-08,2211133,2025,9,36,8,221.11
2025-09-09,2285686,2025,9,36,9,228.57
2025-09-10,2375359,2025,9,37,10,237.54
2025-09-11,2324784,2025,9,37,11,232.48
2025-09-12,2404191,2025,9,37,12,240.42
2025-09-13,2474377,2025,9,37,13,247.44
2025-09-14,2361778,2025,9,37,14,236.18
2025-09-15,2295779,2025,9,37,15,229.58
2025-09-16,2118407,2025,9,37,16,211.84
2025-09-17,2334835,2025,9,38,17,233.48
2025-09-18,2183249,2025,9,38,18,218.32
2025-09-19,2461644,2025,9,38,19,246.16
2025-09-20,2421403,2025,9,38,20,242.14
2025-09-21,2486765,2025,9,38,21,248.68
2025-09-22,2184144,2025,9,38,22,218.41
2025-09-23,2265887,2025,9,38,23,226.59
2025-09-24,2231153,2025,9,39,24,223.12
2025-09-25,2223490,2025,9,39,25,222.35
2025-09-26,2167842,2025,9,39,26,216.78
2025-09-27,2068617,2025,9,39,27,206.86
2025-09-28,2418985,2025,9,39,28,241.9
2025-09-29,2200755,2025,9,39,29,220.08
2025-09-30,2168905,2025,9,39,30,216.89
2025-10-01,2152210,2025,10,40,1,215.22
2025-10-02,2120225,2025,10,40,2,212.02
2025-10-03,2302464,2025,10,40,3,230.25
2025-10-04,2224790,2025,10,40,4,222.48
2025-10-05,2332019,2025,10,40,5,233.2
2025-10-06,2183983,2025,10,40,6,218.4
2025-10-07,2312811,2025,10,40,7,231.28
2025-10-08,2105147,2025,10,41,8,210.51
2025-10-09,2012036,2025,10,41,9,201.2
2025-10-10,2237429,2025,10,41,10,223.74
2025-10-11,2297743,2025,10,41,11,229.77
2025-10-12,2252520,2025,10,41,12,225.25
2025-10-13,2054763,2025,10,41,13,205.48
2025-10-14,2079878,2025,10,41,14,207.99
2025-10-15,2010069,2025,10,42,15,201.01
2025-10-16,2088606,2025,10,42,16,208.86
2025-10-17,2267938,2025,10,42,17,226.79
2025-10-18,2299770,2025,10,42,18,229.98
2025-10-19,2136053,2025,10,42,19,213.61
2025-10-20,2176005,2025,10,42,20,217.6
2025-10-21,1991041,2025,10,42,21,199.1
2025-10-22,2129031,2025,10,43,22,212.9
2025-10-23,1939526,2025,10,43,23,193.95
2025-10-24,2192096,2025,10,43,24,219.21
2025-10-25,2166193,2025,10,43,25,216.62
2025-10-26,2243180,2025,10,43,26,224.32
2025-10-27,1803285,2025,10,43,27,180.33
2025-10-28,2075050,2025,10,43,28,207.5
2025-10-29,1889944,2025,10,44,29,188.99
2025-10-30,1928155,2025,10,44,30,192.82
2025-10-31,2316023,2025,10,44,31,231.6
2025-11-01,2156643,2025,11,44,1,215.66
2025-11-02,2290673,2025,11,44,2,229.07
2025-11-03,1979865,2025,11,44,3,197.99
2025-11-04,2127839,2025,11,44,4,212.78
2025-11-05,2046152,2025,11,45,5,204.62
2025-11-06,1884708,2025,11,45,6,188.47
2025-11-07,2244563,2025,11,45,7,224.46
2025-11-08,2047057,2025,11,45,8,204.71
2025-11-09,2257905,2025,11,45,9,225.79
2025-11-10,1928137,2025,11,45,10,192.81
2025-11-11,1836458,2025,11,45,11,183.65
2025-11-12,1894294,2025,11,46,12,189.43
2025-11-13,2022054,2025,11,46,13,202.21
2025-11-14,2024043,2025,11,46,14,202.4
2025-11-15,2217949,2025,11,46,15,221.79
2025-11-16,2167889,2025,11,46,16,216.79
2025-11-17,1882325,2025,11,46,17,188.23
2025-11-18,1870200,2025,11,46,18,187.02
2025-11-19,1893964,2025,11,47,19,189.4
2025-11-20,1982992,2025,11,47,20,198.3
2025-11-21,2134752,2025,11,47,21,213.48
2025-11-22,2114171,2025,11,47,22,211.42
2025-11-23,2313508,2025,11,47,23,231.35
2025-11-24,1812789,2025,11,47,24,181.28
2025-11-25,2001013,2025,11,47,25,200.1
2025-11-26,1822585,2025,11,48,26,182.26
2025-11-27,1956099,2025,11,48,27,195.61
2025-11-28,2050706,2025,11,48,28,205.07
2025-11-29,2270183,2025,11,48,29,227.02
2025-11-30,2176626,2025,11,48,30,217.66
2025-12-01,1964420,2025,12,48,1,196.44
2025-12-02,1959450,2025,12,48,2,195.94
2025-12-03,1929869,2025,12,49,3,192.99
2025-12-04,2014864,2025,12,49,4,201.49
2025-12-05,2206035,2025,12,49,5,220.6
2025-12-06,2036126,2025,12,49,6,203.61
2025-12-07,2075433,2025,12,49,7,207.54
2025-12-08,2023968,2025,12,49,8,202.4
2025-12-09,1928576,2025,12,49,9,192.86
2025-12-10,1903341,2025,12,50,10,190.33
2025-12-11,1957854,2025,12,50,11,195.79
2025-12-12,2179263,2025,12,50,12,217.93
2025-12-13,2007849,2025,12,50,13,200.78
2025-12-14,2204812,2025,12,50,14,220.48
2025-12-15,1893575,2025,12,50,15,189.36
2025-12-16,1983493,2025,12,50,16,198.35
2025-12-17,1981729,2025,12,51,17,198.17
2025-12-18,2141382,2025,12,51,18,214.14
2025-12-19,2174040,2025,12,51,19,217.4
2025-12-20,2156050,2025,12,51,20,215.6
2025-12-21,2256104,2025,12,51,21,225.61
2025-12-22,2049559,2025,12,51,22,204.96
2025-12-23,2028333,2025,12,51,23,202.83
2025-12-24,2159820,2025,12,52,24,215.98
2025-12-25,1817921,2025,12,52,25,181.79
2025-12-26,2300820,2025,12,52,26,230.08
2025-12-27,2146952,2025,12,52,27,214.7
2025-12-28,2052806,2025,12,52,28,205.28
2025-12-29,2096593,2025,12,52,29,209.66
2025-12-30,1895039,2025,12,52,30,189.5
2025-12-31,1904032,2025,12,53,31,190.4
2026-01-01,2064574,2026,1,1,1,206.46
2026-01-02,2214094,2026,1,1,2,221.41
2026-01-03,2178960,2026,1,1,3,217.9
2026-01-04,2295324,2026,1,1,4,229.53
2026-01-05,2030415,2026,1,1,5,203.04
2026-01-06,1992044,2026,1,1,6,199.2
2026-01-07,2122142,2026,1,1,7,212.21
2026-01-08,2213199,2026,1,2,8,221.32
2026-01-09,2139363,2026,1,2,9,213.94
2026-01-10,2219574,2026,1,2,10,221.96
2026-01-11,2036346,2026,1,2,11,203.63
2026-01-12,2015011,2026,1,2,12,201.5
2026-01-13,2120136,2026,1,2,13,212.01
2026-01-14,1961014,2026,1,2,14,196.1
2026-01-15,1862606,2026,1,3,15,186.26
2026-01-16,2157238,2026,1,3,16,215.72
2026-01-17,2410378,2026,1,3,17,241.04
2026-01-18,2279523,2026,1,3,18,227.95
2026-01-19,2214177,2026,1,3,19,221.42
2026-01-20,2040963,2026,1,3,20,204.1
2026-01-21,2078703,2026,1,3,21,207.87
2026-01-22,2125781,2026,1,4,22,212.58
2026-01-23,2309050,2026,1,4,23,230.9
2026-01-24,2418667,2026,1,4,24,241.87
2026-01-25,2430074,2026,1,4,25,243.01
2026-01-26,2166775,2026,1,4,26,216.68
2026-01-27,2180266,2026,1,4,27,218.03
2026-01-28,2175058,2026,1,4,28,217.51
2026-01-29,2022506,2026,1,5,29,202.25
2026-01-30,2486360,2026,1,5,30,248.64
2026-01-31,2327751,2026,1,5,31,232.78
2026-02-01,2435446,2026,2,5,1,243.54
2026-02-02,2191043,2026,2,5,2,219.1
2026-02-03,2114207,2026,2,5,3,211.42
2026-02-04,2155723,2026,2,5,4,215.57
2026-02-05,2122618,2026,2,6,5,212.26
2026-02-06,2433827,2026,2,6,6,243.38
2026-02-07,2318466,2026,2,6,7,231.85
2026-02-08,2447181,2026,2,6,8,244.72
2026-02-09,2143979,2026,2,6,9,214.4
2026-02-10,2248910,2026,2,6,10,224.89
2026-02-11,2185129,2026,2,6,11,218.51
2026-02-12,2183705,2026,2,7,12,218.37
2026-02-13,2300339,2026,2,7,13,230.03
2026-02-14,2410809,2026,2,7,14,241.08
2026-02-15,2478773,2026,2,7,15,247.88
2026-02-16,2100119,2026,2,7,16,210.01
2026-02-17,2117952,2026,2,7,17,211.8
2026-02-18,2210979,2026,2,7,18,221.1
2026-02-19,2153250,2026,2,8,19,215.32
2026-02-20,2398251,2026,2,8,20,239.83
2026-02-21,2445869,2026,2,8,21,244.59
2026-02-22,2418542,2026,2,8,22,241.85
2026-02-23,2257315,2026,2,8,23,225.73
2026-02-24,2156766,2026,2,8,24,215.68
2026-02-25,2294581,2026,2,8,25,229.46
2026-02-26,2295794,2026,2,9,26,229.58
2026-02-27,2340789,2026,2,9,27,234.08
2026-02-28,2439517,2026,2,9,28,243.95
2026-03-01,2454571,2026,3,9,1,245.46
2026-03-02,2252197,2026,3,9,2,225.22
2026-03-03,2275469,2026,3,9,3,227.55
2026-03-04,2291036,2026,3,9,4,229.1
2026-03-05,2431372,2026,3,10,5,243.14
2026-03-06,2609732,2026,3,10,6,260.97
2026-03-07,2607628,2026,3,10,7,260.76
2026-03-08,2544692,2026,3,10,8,254.47
2026-03-09,2356376,2026,3,10,9,235.64
2026-03-10,2305650,2026,3,10,10,230.56
2026-03-11,2260081,2026,3,10,11,226.01
2026-03-12,2510047,2026,3,11,12,251
2026-03-13,2620115,2026,3,11,13,262.01
2026-03-14,2708662,2026,3,11,14,270.87
2026-03-15,2442132,2026,3,11,15,244.21
2026-03-16,2347163,2026,3,11,16,234.72
2026-03-17,2322958,2026,3,11,17,232.3
2026-03-18,2510400,2026,3,11,18,251.04
2026-03-19,2396639,2026,3,12,19,239.66
2026-03-20,2618846,2026,3,12,20,261.88
2026-03-21,2528169,2026,3,12,21,252.82
2026-03-22,2438276,2026,3,12,22,243.83
2026-03-23,2417811,2026,3,12,23,241.78
2026-03-24,2416165,2026,3,12,24,241.62
2026-03-25,2475105,2026,3,12,25,247.51
2026-03-26,2373843,2026,3,13,26,237.38
2026-03-27,2569140,2026,3,13,27,256.91
2026-03-28,2648633,2026,3,13,28,264.86
2026-03-29,2624480,2026,3,13,29,262.45
2026-03-30,2602065,2026,3,13,30,260.21
2026-03-31,2390358,2026,3,13,31,239.04
2026-04-01,2471376,2026,4,13,1,247.14
2026-04-02,2557065,2026,4,14,2,255.71
2026-04-03,2718437,2026,4,14,3,271.84
2026-04-04,2613382,2026,4,14,4,261.34
2026-04-05,2889957,2026,4,14,5,289
2026-04-06,2530315,2026,4,14,6,253.03
2026-04-07,2554552,2026,4,14,7,255.46
2026-04-08,2614927,2026,4,14,8,261.49
2026-04-09,2674199,2026,4,15,9,267.42
2026-04-10,2669164,2026,4,15,10,266.92
2026-04-11,2750397,2026,4,15,11,275.04
2026-04-12,2657802,2026,4,15,12,265.78
2026-04-13,2427467,2026,4,15,13,242.75
2026-04-14,2343603,2026,4,15,14,234.36
2026-04-15,2511866,2026,4,15,15,251.19
2026-04-16,2429890,2026,4,16,16,242.99
2026-04-17,2777515,2026,4,16,17,277.75
2026-04-18,2517991,2026,4,16,18,251.8
2026-04-19,2718451,2026,4,16,19,271.85
2026-04-20,2771718,2026,4,16,20,277.17
2026-04-21,2519640,2026,4,16,21,251.96
2026-04-22,2511363,2026,4,16,22,251.14
2026-04-23,2799644,2026,4,17,23,279.96
2026-04-24,2771240,2026,4,17,24,277.12
2026-04-25,2738913,2026,4,17,25,273.89
2026-04-26,2799719,2026,4,17,26,279.97
2026-04-27,2388170,2026,4,17,27,238.82
2026-04-28,2450189,2026,4,17,28,245.02
2026-04-29,2713321,2026,4,17,29,271.33
2026-04-30,2548656,2026,4,18,30,254.87
2026-05-01,2890377,2026,5,18,1,289.04
2026-05-02,2871199,2026,5,18,2,287.12
2026-05-03,2812654,2026,5,18,3,281.27
2026-05-04,2614386,2026,5,18,4,261.44
2026-05-05,2619387,2026,5,18,5,261.94
2026-05-06,2569232,2026,5,18,6,256.92
2026-05-07,2568704,2026,5,19,7,256.87
2026-05-08,2872173,2026,5,19,8,287.22
2026-05-09,2624103,2026,5,19,9,262.41
2026-05-10,2910947,2026,5,19,10,291.09
2026-05-11,2643930,2026,5,19,11,264.39
2026-05-12,2675870,2026,5,19,12,267.59
2026-05-13,2656736,2026,5,19,13,265.67
2026-05-14,2725142,2026,5,20,14,272.51
2026-05-15,2881042,2026,5,20,15,288.1
2026-05-16,2909262,2026,5,20,16,290.93
2026-05-17,2797275,2026,5,20,17,279.73
2026-05-18,2642968,2026,5,20,18,264.3
2026-05-19,2594791,2026,5,20,19,259.48
2026-05-20,2593808,2026,5,20,20,259.38
2026-05-21,2725140,2026,5,21,21,272.51
2026-05-22,2741316,2026,5,21,22,274.13
2026-05-23,2704347,2026,5,21,23,270.43
2026-05-24,2732666,2026,5,21,24,273.27
2026-05-25,2542096,2026,5,21,25,254.21
2026-05-26,2597286,2026,5,21,26,259.73
2026-05-27,2508413,2026,5,21,27,250.84
2026-05-28,2588982,2026,5,22,28,258.9
2026-05-29,2847747,2026,5,22,29,284.77
2026-05-30,2788680,2026,5,22,30,278.87
2026-05-31,2793783,2026,5,22,31,279.38
2026-06-01,2780293,2026,6,22,1,278.03
2026-06-02,2638106,2026,6,22,2,263.81
2026-06-03,2622409,2026,6,22,3,262.24
2026-06-04,2538979,2026,6,23,4,253.9
2026-06-05,2763672,2026,6,23,5,276.37
2026-06-06,2766942,2026,6,23,6,276.69
2026-06-07,2762271,2026,6,23,7,276.23
2026-06-08,2924832,2026,6,23,8,292.48
2026-06-09,2615561,2026,6,23,9,261.56
2026-06-10,2553657,2026,6,23,10,255.37
2026-06-11,2496151,2026,6,24,11,249.62
2026-06-12,2861169,2026,6,24,12,286.12
2026-06-13,2856524,2026,6,24,13,285.65
2026-06-14,2724858,2026,6,24,14,272.49
2026-06-15,2528387,2026,6,24,15,252.84
2026-06-16,2727407,2026,6,24,16,272.74
2026-06-17,2530056,2026,6,24,17,253.01
2026-06-18,2570263,2026,6,25,18,257.03
2026-06-19,2862956,2026,6,25,19,286.3
2026-06-20,2930004,2026,6,25,20,293
2026-06-21,2766106,2026,6,25,21,276.61
2026-06-22,2701527,2026,6,25,22,270.15
2026-06-23,2770657,2026,6,25,23,277.07
2026-06-24,2800346,2026,6,25,24,280.03
2026-06-25,2648338,2026,6,26,25,264.83
2026-06-26,2622214,2026,6,26,26,262.22
2026-06-27,2692470,2026,6,26,27,269.25
2026-06-28,2721033,2026,6,26,28,272.1
2026-06-29,2513975,2026,6,26,29,251.4
2026-06-30,2632239,2026,6,26,30,263.22
